Route_ID,Distance_Meters,Duration_Seconds,Duration_Minutes,Latitude,Longitude,LatLong
vGRbz0IE4rHwdfsf-JtHtVIPi4BRIpX0v7_zXgXQCNmr0NTABITV-A==,5125.704,1256.26,21.0,37.75472,-122.4212,"37.75472,-122.4212"
Rd-nbfVFx8vXTBOM_Cd1VjzQsuRs06Ipqji4al3qQUsEBt92MRghZQ==,3392.329,899.855,15.0,37.80867300000001,-122.409821,"37.80867300000001,-122.409821"
XWb0aKUDiy4yWZWWWD9JgTJtzyiGs3D8jvvDQWeXjeecSDCOkbAkHQ==,5214.932,1002.969,17.0,37.78284,-122.463137,"37.78284,-122.463137"
waIK7zeDvZxqVWI24V6_WPNEsVmMoWYpZg6BAWZYD_spQw4z39kAKA==,2232.918,609.123,10.0,37.78522,-122.43157,"37.78522,-122.43157"
V5vKxbVlKxcPwO7V_9OLL9yCIx3anmZEQXWZzWwdJmB4mH5sWQRj2w==,1855.492,714.323,12.0,37.79979,-122.40834,"37.79979,-122.40834"
XwkAhgPuTsSxBM1Z0G2ayjMHz6YZqQFBRVU7He7FY6R8N6r13SZfYA==,6507.738,1362.992,23.0,37.800046977658894,-122.45958044459428,"37.800046977658894,-122.45958044459428"
T_P3ikBPFCIE0cvo2Zt1k7X_bCWBaqOGx1DnNe9WVoMjshWme8627Q==,5833.658,1297.703,22.0,37.765956,-122.449679,"37.765956,-122.449679"
0ZdLy4NyfKh0cMgE3HEr512zlZYa-QvnEiC6_OACQW62Q_ty5IlnDQ==,3913.453,934.436,16.0,37.775244759082085,-122.4380604766232,"37.775244759082085,-122.4380604766232"
aLvJilhYhAtys8PXBhpZNejfjBg7pxenT2ic_uJI_L5ujv4k0jlbOA==,500.757,180.138,3.0,37.784837858877935,-122.4093022,"37.784837858877935,-122.4093022"
W0b0UpXfbbMNrfZBETIJ7CTBbbC5dPc5anDB00UuaQgQT34WTURwZQ==,4940.22,1039.259,17.0,37.773205,-122.450644,"37.773205,-122.450644"
tewIEZgrXhpUmqXZ2fsut46SM5nMZS2Mk4OxY3IYLot9iMBOVg6UoA==,6862.049,1361.506,23.0,37.764084,-122.46228,"37.764084,-122.46228"
xwci0deOE-EjgrK2UWdo8ptxwUVMIa-0408NGL_XF_9HEmC4m27GXw==,2020.69,547.136,9.0,37.78601,-122.42858,"37.78601,-122.42858"
rXOML3ovxCAYDhAIg_etPT6Snl9pXi6lt5hCEY816HhPVgxshpRRNg==,2566.21,675.521,11.0,37.782061,-122.4327,"37.782061,-122.4327"
KQRfED4MXzuA2M5f-036xx0NVZjZ_rCjfYTKLiPqkBktv_QTCdxMEQ==,3861.904,996.745,17.0,37.76872324000296,-122.42928109103332,"37.76872324000296,-122.42928109103332"
9sv0kHIT4HJFE9hNYM3h0JSpOt_5wKeLYbfTU7yAcef3zbjn9OVkjQ==,5728.561,1484.47,25.0,37.751066336195144,-122.4337981,"37.751066336195144,-122.4337981"
qQ1GZPzlJUa9y8F_P2nFTwLshTd8S9R6wn_leIp1IDC_CG0HL19K6g==,8580.838,1588.553,26.0,37.77542873995666,-122.49884228441336,"37.77542873995666,-122.49884228441336"
Pes7L8QNZWhXxBPPAlKtBQ7_OnC9_aTjwh4jjHkGINyYOmimRVO8sQ==,1976.296,618.342,10.0,37.78249,-122.39266,"37.78249,-122.39266"
T8R1lNjNiWqMUOD9CkK-V4y8cALEYPruRheurfC4Yjr1E-I-gdraNA==,7441.0,1490.136,25.0,37.762389,-122.466065,"37.762389,-122.466065"
DGfTWZvhUgP2lSJKXQIJHMiWNJnH1yF9IvmzSRRzLygLG66OOrX-nw==,2104.327,571.589,10.0,37.78575,-122.4301,"37.78575,-122.4301"
r5EwkXii-ORpCEnWsMZsUB0VRgMOkcpBhn7I7caHNj_uGHpwq1qKZg==,3811.194,964.857,16.0,37.7666182758937,-122.430262778253,"37.7666182758937,-122.430262778253"
XsanYwemJ33DHEXIwQDyvMfLsrJVisEmbhpFZZbm3CJvSY_Ps4Se2w==,11336.043,1946.962,32.0,37.74460699178949,-122.48616693946488,"37.74460699178949,-122.48616693946488"
MsWR0XmjSSxRXBlB2yFMHbUXYOHOmqucT6EUd1V0dqePjDsV82b2Sg==,5731.728,1057.748,18.0,37.78101,-122.47126,"37.78101,-122.47126"
Q9Uvc9xrF6qlgNqPBV1K2HW9cPGD9yEozQ85qRqloZs6EHmFG71Qkg==,4104.718,1073.593,18.0,37.764290777795395,-122.43072410226956,"37.764290777795395,-122.43072410226956"
2TOFS6Em6EhKY58JFTJYHlOhoEi-6l0UIZCo8xubCgpJik7lkyJAXg==,5910.079,1230.46,21.0,37.769266067639215,-122.45205007340454,"37.769266067639215,-122.45205007340454"
6FNkZ9fL-K5iex2a9CUZEnvsi0Yn9pjhuQD1OG0E3m1RfamVAXmj4g==,3963.221,960.359,16.0,37.77480087023776,-122.43798509114356,"37.77480087023776,-122.43798509114356"
o1QQciozqcfl-Exa7cdJz1FQM45R6ENcNWsUvnhPCey0CR0KYCktvg==,4746.401,1227.367,20.0,37.76116,-122.43414,"37.76116,-122.43414"
lYndqEgH74EC2izTlbqHOQdJ955b6obAysb7_bhFCnJ2ofxfO5scSw==,3828.352,997.156,17.0,37.77502915705348,-122.43761001966246,"37.77502915705348,-122.43761001966246"
KztH7eyAx757gAqTMmv_wXLWFJPBmFv4YSor88TIa0etz794ovX_Ig==,3047.837,777.316,13.0,37.79094,-122.43443,"37.79094,-122.43443"
-ixYVGCkxKKiFZbKDmE2IHnP9ksLo0ief4Vii1GYo7BF_r3rZKz25A==,7095.246,1358.071,23.0,37.7838344,-122.4830463,"37.7838344,-122.4830463"
8PQb9vr2UCZRpXU9FafIZ8mHCZtX6jNKgMAy3PlKrbRW07KPqwYujQ==,2743.288,658.784,11.0,37.788292,-122.433458,"37.788292,-122.433458"
pvPThG-Viz2Nbv2E7fkhcKHo2SyC_At-up9z3hflxNkDHFEwRGvRrg==,3971.045,996.591,17.0,37.774507,-122.437427,"37.774507,-122.437427"
YrQr0hliEZQQYaxzvXTrK9_3NG6InTGgPJWdcPl5zVlJtr0jho8QRw==,2784.181,675.141,11.0,37.788589,-122.434054,"37.788589,-122.434054"
nB-hYIUw-Xr53lxUatvEHtmhwPI4JlSLX4sAlGVo2xrJnPqGCfEHnA==,1739.134,465.485,8.0,37.78924,-122.42065,"37.78924,-122.42065"
KSAcVrsl2_CwWUTiI0kWWoPii90IwweMMVn9d10BqyF3FfOoNab_Zw==,2859.74,707.372,12.0,37.7893075,-122.43380556906494,"37.7893075,-122.43380556906494"
bAnM6PqXv6lVOu0WOGwQiUpggGMnsiHN3YLgKtB62dP9uNHQ8Sqp9w==,1956.706,578.421,10.0,37.79982,-122.40783,"37.79982,-122.40783"
WLCYchMoVjzsofxHE3rFzGVaGs0JfFrv5GeL7tjLaKQMFvvgyOB8yg==,4201.878,1060.632,18.0,37.76439,-122.4334,"37.76439,-122.4334"
mKBLjuao08THB4IwpiICEV6_HMHCrzqWuGaVqPfD7F8sWjNpx7xqRg==,7535.625,1282.415,21.0,37.73930985915218,-122.41706130387524,"37.73930985915218,-122.41706130387524"
lZG-llCm5GSvF3WjeQx7360esY5UFjih-igucNyBv7WiaWMyhLRRFw==,10988.632,1890.11,32.0,37.74278,-122.47815,"37.74278,-122.47815"
ebGjF4Ay585s9WFu_4hK4cVJPfzx3fiQNxfiiQkCPDSJDvomloZxmg==,1635.354,424.563,7.0,37.7873184067081,-122.423591369312,"37.7873184067081,-122.423591369312"
F4nFFge2fAZhEPDArDhBNeV9sMVgUDQSyO2VgQMoUJVhHKl0mxBPHQ==,1542.441,459.936,8.0,37.793966,-122.404206,"37.793966,-122.404206"
3M64deks7VKZwv700TEBsCIHfNv7sAh7U1wUOQtU8tlqPTqDObQOew==,2095.987,573.595,10.0,37.786192,-122.429731,"37.786192,-122.429731"
dxfVPbtHt9KWq2GgdY36s5ij3oOc_fZfxgRZYNx0zcyZDvIUlt1foQ==,3571.539,912.557,15.0,37.771239,-122.423775,"37.771239,-122.423775"
D3o5p2Zx-I65SpKkRTtDMCe-ncqZrVkeg2IUw2-wknqedkolqqPyWQ==,4732.963,1247.911,21.0,37.759958,-122.435089,"37.759958,-122.435089"
LnXLp1sAK3mQoq0vLzxNLa_iN3T1V8FdyJ1crN0TUT1OUti9K2_xow==,5073.037,967.355,16.0,37.782787322998,-122.462539672852,"37.782787322998,-122.462539672852"
aMwXxnw6tMaZwuc3prlPx28DN2D8TjUt-rMXWKMSyfj9BThlUSSDBg==,6544.638,1252.917,21.0,37.78215,-122.47867,"37.78215,-122.47867"
iFE6ckFTdKPvnHRtso-6yTZZebT5lKu3_SExcjWidsRzk1C6ExfiCg==,971.553,372.469,6.0,37.78386,-122.40483,"37.78386,-122.40483"
ay1DyyX7jXZX4Rs7KmgEM1hxQzBothmyBJ8dYcWwAmQgZ6t930Sn5w==,13572.144,1732.801,29.0,37.738345,-122.468176,"37.738345,-122.468176"
fs9nOeq9oqugrjY0e8-WHAbA3eKsvJGLQWL2zer3slP4hllf7kA0mA==,4388.536,1188.479,20.0,37.760192883932795,-122.4114188698492,"37.760192883932795,-122.4114188698492"
nxwQX8-J8eA78uiATGzGW20W_fMgtL1z6Gd67x_joSqN7qFligV_Nw==,4216.401,1066.824,18.0,37.76408650404102,-122.4325853855326,"37.76408650404102,-122.4325853855326"
PLzEoUCzNakoJ9T5ZXHlOvH9LxlOde843v634JXBTydYPn1xplnA-A==,4312.036,1080.215,18.0,37.764836,-122.431808,"37.764836,-122.431808"
z-q1RHl2mj2u1c4FHzN8v74Nr6LdnbDNIBl6XysOnJgBhXwhHGzFjg==,1831.406,641.268,11.0,37.801752,-122.411851,"37.801752,-122.411851"
YqrMMsaZjUTdCmP1diyxyM1-LK-VMMpde1-M6LHI1DHLz8nlk-cYHA==,1408.084,423.594,7.0,37.7793175,-122.4105235,"37.7793175,-122.4105235"
hRAlHuQsYcvXIq7JGVmyeyuNC-SAsKG9OCD2XsVL6MI2suuVxMU3NA==,2672.591,718.041,12.0,37.77637,-122.42155,"37.77637,-122.42155"
ewqp7RTbzPqg36ZsiLZRoeII5PKIBxR3vXz8FQ9nA8S3UmQWDRcmPg==,8456.257,1604.357,27.0,37.76373,-122.478392,"37.76373,-122.478392"
vOvbtbQe5mNeJDyUh1483ARRh6oElte6YTMT7Jzf2xgw8F2pdcajjw==,5046.244,1115.538,19.0,37.769875829479275,-122.44630091984536,"37.769875829479275,-122.44630091984536"
ZJpmNkI1VnP-uX1y6-4zdZkm-WXsVGfkeUbJtMW_eY4kd9Pqosod-Q==,2329.946,642.478,11.0,37.7994,-122.41888,"37.7994,-122.41888"
8wXjqoGr2K4bSuJTqVzrxJpYMWzSr2YWG8Y0TCviqjypmJCoDkwrYw==,4024.27,974.948,16.0,37.76317,-122.41539,"37.76317,-122.41539"
b7ZjGZ1jBVvTiiUl-sOGUU2OuGJQDMaNPW_f9xwGu4mqWoPK5dvWGg==,2157.372,601.774,10.0,37.7981712,-122.4186984,"37.7981712,-122.4186984"
P9GhnKMZ9hjPnJTU4ibgymZGYFpmRxusnksDIyYdSm6emIyt-aUZRw==,4176.136,925.404,15.0,37.79948,-122.43681,"37.79948,-122.43681"
CbgdUsGzUlBCPCqTWA4vxrhAqJjBN20nsRyMH3D_2Wdp6uBtUeG6vQ==,3339.454,786.388,13.0,37.79742,-122.43097,"37.79742,-122.43097"
wlxyVW1B3oPvigFkmiwTe5sahJwRSZdSzv4E5UgL5kuf-53r4G5KVg==,5634.883,950.097,16.0,37.7580376,-122.3890908,"37.7580376,-122.3890908"
7HKlnNeSolth2Xm4E2TLRPKaCq3wDbVaxItXwyMlzZFY5ATbehPziA==,4969.118,1046.827,17.0,37.798332,-122.446101,"37.798332,-122.446101"
V1bJY8Dtth644PvMse7pQcLC3L3rdXrlhWjapagxytBzvYno6fMQ7A==,4557.112,984.315,16.0,37.79989,-122.4408,"37.79989,-122.4408"
MyLbK49tZ9D5prl6ebMrJ31iRenK8WdIVIB85w3nL2PGLowLFBstFA==,3914.154,1045.481,17.0,37.771842,-122.433369,"37.771842,-122.433369"
c0MfSUA7ul882ZQQVUQEEvnCOyr2eXlAkJJ6NUgiWCRJXha0nNeK_g==,4400.834,1122.563,19.0,37.762866,-122.432244,"37.762866,-122.432244"
tZcj09KaK-T1PG4aZjaOegQLp1hRc8qw9PDvk4j6w4hDKcMsRRBKZw==,3862.947,913.753,15.0,37.775757,-122.438301,"37.775757,-122.438301"
simxdBGLaL31IWTnQh8g9nPpLIKQNLNsmAl25LO6tysxCaekwpbbxg==,4009.314,988.015,16.0,37.774382,-122.437986,"37.774382,-122.437986"
_Q8zanl90X975LDdnN5PTXGkZp9s1eggADJRnii1UrKujLq1thn_5w==,3168.87,849.649,14.0,37.7750678,-122.4031672,"37.7750678,-122.4031672"
iExBkJiy-ixVNtk88jR5e-1qF42h76xdFCvLb1jdzbiKibvIuYIwow==,7088.931,1396.591,23.0,37.76406989831434,-122.46342441895987,"37.76406989831434,-122.46342441895987"
2ocMdkgRjZtxFtTsi5ONNohBFm0WfqEkoBPiLBtQf3Kkc3me447Ljw==,2236.205,723.225,12.0,37.77826,-122.39388,"37.77826,-122.39388"
ImYmE7H-hO6TKplpcAV9PWlCfnoXcSx5zPpF7k7RS5EfUZhEwh25ZA==,4393.578,1189.573,20.0,37.75961276313876,-122.4102472,"37.75961276313876,-122.4102472"
_Bd2RYXhSkO_SkSckWeZb76VcYB7APw7jmPRVjI5kWRF4cPlaLzqJA==,2354.824,619.76,10.0,37.78406,-122.43256,"37.78406,-122.43256"
P9Ke5p-vs4iunLGV726QZtFM2_i618sG-6amN1fjc0g6_0toXHrDRQ==,8295.133,1558.112,26.0,37.77600463025901,-122.49563498834335,"37.77600463025901,-122.49563498834335"
Mi0wpsCuj9WAJthX_2WUIkXsDeF5B3YEfMdglDlw5Lw4uiTI6pTCEw==,5626.799,1059.864,18.0,37.78291543753223,-122.4682742,"37.78291543753223,-122.4682742"
nPaY6fY1wy9TNQrvABeajgz_mgOeGEZufJItsw9XgMDP0aoHlPPxTg==,6845.063,1297.635,22.0,37.78219994794561,-122.48209291576292,"37.78219994794561,-122.48209291576292"
nCGI2VDfulFckZnLm4Ctr4lRQbUYOnhd_PNvjXuEO7qBp_By1vGGvA==,3018.246,820.347,14.0,37.77047,-122.40472,"37.77047,-122.40472"
4ezOE9YRS1xV56o4BEddnjkUNCofgmb9PNU0GjUnHoRNIR9KD5DOQg==,2180.348,737.884,12.0,37.7947758,-122.3921851,"37.7947758,-122.3921851"
bokHCnY37SpYFFXcHJDzUJ-PTOV0OoFfsVJmshDpqJ4qDRlygh5Mtw==,2625.689,708.883,12.0,37.775830550017254,-122.4226361,"37.775830550017254,-122.4226361"
gIvvTpNHgVS23D9iL2eiRuO_JOjb0xnNcFmyE6zJ0i29HwK-t4ehVg==,5775.408,1502.755,25.0,37.75130269094932,-122.433258,"37.75130269094932,-122.433258"
XBfIXe2-fBizUW-e9emqCt31PfI6HvzcMxg68ScN8Nk0_iEdR24lLA==,653.164,227.575,4.0,37.78785129168795,-122.41323060347364,"37.78785129168795,-122.41323060347364"
MicIq4L3XuSp_FvwQ7lIR2iK03xNnaDqwtPHdQMN3OVpQLNgiBuMsw==,2435.614,701.13,12.0,37.798588,-122.396639,"37.798588,-122.396639"
gJRN96JsDtHagxBCCR_J4cevb415dENNFw4zpZxhQdEarcrlZUBckQ==,4030.086,1069.547,18.0,37.76718,-122.42873,"37.76718,-122.42873"
HIor-PyrnOVX6UcuUR3DRT1yrsiIjYR8lLC723q6-eVEMeQcyjOtWQ==,2451.761,645.737,11.0,37.78569,-122.43294,"37.78569,-122.43294"
bum1thpr6XXVLURjLFAhPy43rWhCvBSs1w9lxgabFl_ysZIEY8amDw==,4742.986,1251.251,21.0,37.761014,-122.435911,"37.761014,-122.435911"
PkZZpPk5-_6-KuG8Qwy4Va9Ar38TK-l0jtuF3wW54Cw0W8bUSLpGZA==,2748.707,821.343,14.0,37.772539,-122.416598,"37.772539,-122.416598"
aCAFH998h4qr16NZ80yw4VRnW6a71BclhZHsOiUdUYtMLqxi5nOYuQ==,4469.662,1211.815,20.0,37.75905786317478,-122.41007113900255,"37.75905786317478,-122.41007113900255"
jIsh4NJvIXgkmO96yCHIBVETWqashOpCtxU7c0q_Z260f6HA81tfeA==,3166.96,859.177,14.0,37.769675768063806,-122.40351925075042,"37.769675768063806,-122.40351925075042"
iaSvsZI04eHGj7Zg59ouvohTgJh6_kGMPLzjtX9t3Ag7HsIzbAoQCQ==,4563.842,979.499,16.0,37.77384,-122.44583,"37.77384,-122.44583"
R8AqQ-fJtBw5vefI_NKzQZwBQ2VFNCo6qsuiuXpb_FQNelyusVGZ7g==,9239.547,1809.401,30.0,37.741091,-122.465071,"37.741091,-122.465071"
x24VQgHscTSB5BLILvXEGr2ws2g6GfMhve-FYvydbArKuIg9rRkGNQ==,2489.247,685.597,11.0,37.776988,-122.423164,"37.776988,-122.423164"
faoPFi4jVs7MXpWZe9DM4bXnn2KgWaTbnltoo6OXShYpCtQvqR5MWg==,2595.886,688.234,11.0,37.78567,-122.435087,"37.78567,-122.435087"
e-zis-KPTvnKJP-Up4I0_W4cfUIjSkqUgw1Foe1OdhIHsUu1Pi4cfg==,5047.466,984.123,16.0,37.782815,-122.461671,"37.782815,-122.461671"
l7ZM7mE9Tygs-IhMsnRauhkb5H-Qx02ZuBtAArGONoW-Q6kOfTtU4A==,5739.12,1437.342,24.0,37.7513197,-122.4315852,"37.7513197,-122.4315852"
2kFpubiWI-0kDBtXC9TlB7ZzwYP3TTwvkg2Rd0ZQFEUJY5I5tSRgRw==,6950.926,1303.84,22.0,37.78025038749841,-122.4777186852402,"37.78025038749841,-122.4777186852402"
waIK7zeDvZxqVWI24V6_WPNEsVmMoWYpZg6BAWZYD_spQw4z39kAKA==,2232.918,609.123,10.0,37.78522,-122.43157,"37.78522,-122.43157"
nYnCi9Glr3Vu228Lzm8zLOerekUjBXSyhyu7PV8uEGXw4kW2Dxq2xQ==,5501.433,1046.724,17.0,37.78305,-122.46684,"37.78305,-122.46684"
jKNSNu02xd-zR6OBs07NPp1SCzgt7KDwjeO8h3ZQOpkmRAu0BMn6PA==,3152.028,677.622,11.0,37.783969,-122.441505,"37.783969,-122.441505"
OUt5j-203IOYi4bg0WPQuGPlXzoCIu0No9IonEG0FJi5qj8ozNpRCg==,1930.675,572.775,10.0,37.796996,-122.399661,"37.796996,-122.399661"
ahQwFM7QFojjRPEjNiJ1nZQQ76c8e1VWjRhR72rbI0j80Gpsh4cIAQ==,4915.203,1140.505,19.0,37.75558552264688,-122.41941679531013,"37.75558552264688,-122.41941679531013"
tejm2T8GzIoFda-cP6aM0YNa-Oz3ia4pP9UgVOE2vlHIC8Pv9_pcCg==,3659.611,834.706,14.0,37.80007,-122.43134,"37.80007,-122.43134"
g3W1X2taYKk0scPFDo5ZkpMPWAEjToRclsLDsT4k6wfgWu5CF1I5Kw==,2706.114,799.289,13.0,37.80678,-122.41756,"37.80678,-122.41756"
mz0QF6XzVizzDtf8D_s1oyCifmowFuif_DP_CKUK9C0cZPQSuw2E5g==,705.829,248.215,4.0,37.783213,-122.409648,"37.783213,-122.409648"
D7z5m1uD92M4Run67OXbdY6OpMwyJP_sD4EJp7-zkdeccat77Hci-w==,7273.092,1415.072,24.0,37.765498241972274,-122.4661957,"37.765498241972274,-122.4661957"
jFZzUi38EKmPTztTpywgdMArtjyWE3Pn6JugBSqJdHDluabYrQj8oA==,2775.765,750.453,13.0,37.77039,-122.40269,"37.77039,-122.40269"
AU3GxgG0XDJrTGyGfy1sRR1H2Z3GI5P_VacTjhp3TCQi7uYrOKbNfQ==,1674.038,640.839,11.0,37.79798,-122.40721,"37.79798,-122.40721"
fxBjOVOZuZUWjPKfUoWXvAaC9QwnZzRNxlGaiDjiTEEyt5WF2gTfeQ==,1665.349,543.994,9.0,37.78039,-122.39781,"37.78039,-122.39781"
WLX6tJ8PFHUw-bSz3YvwV-mqu_680xQICvHmWZGjw7_6b2P2DrXIFQ==,8500.315,1319.401,22.0,37.820673,-122.3750203,"37.820673,-122.3750203"
Nb5D-AvMegmSAoK3TxXNQkjVzietbdhl-v2mgjFFE3QYq12Tok5ADA==,4709.127,1240.11,21.0,37.7601664062955,-122.4351906,"37.7601664062955,-122.4351906"
dTuRZwx8TnLI_BQVWEYYqqhDlI86fFtA-ItI-mkNplsPKza56IucFg==,7458.659,1493.875,25.0,37.7625462134757,-122.466102987528,"37.7625462134757,-122.466102987528"
xaLZyk050T1qiHlantL_hh7BMBD53QuU3KZGw0KWFohswpyzh9CxUA==,5559.765,941.792,16.0,37.75758695921704,-122.38996334651848,"37.75758695921704,-122.38996334651848"
dYQardPeyQt926t6ToiZ4RY854iG-BoniPAYGo09Ou4Xi2rJrWANFA==,4030.275,840.532,14.0,37.762463,-122.396712,"37.762463,-122.396712"
WBpiLdqtvka8ZcDOSHb8QTy6BMBVCsm-DzC_16PUfSt-dIj-jO5J4w==,4783.083,905.338,15.0,37.78136,-122.46092107729817,"37.78136,-122.46092107729817"
1h85KIphXvZ9r3L7U8sgPhXqREUcn_yF9ORQ7jat4FfzuD2WOQXiJg==,2826.239,692.586,12.0,37.78896562756244,-122.43397533119676,"37.78896562756244,-122.43397533119676"
vZ6ru_-_cLJy2NX2gTDQYe0Q0HVoFrl-XEaAkDIAgElV2vfmoaeOcg==,1150.04,310.412,5.0,37.787733,-122.418205,"37.787733,-122.418205"
J8WEkJ2GxpQOBjtlPwHaZwjjJwt6kseJkymYJswqdBU66Ljd7U_gtw==,1457.38,423.869,7.0,37.78291531984934,-122.4188995000186,"37.78291531984934,-122.4188995000186"
tG7Bqz5orHNbCz1VL4IyJVey_BUYTB2cQ5Bd54eARxJ27POOhgCt6A==,3451.765,916.986,15.0,37.76815246219715,-122.424627,"37.76815246219715,-122.424627"
PKImvekXd0bEncaKM2B5dKLAnxiqGNa5J5dq2vGTTkXogvq6CBQXCA==,1947.457,556.006,9.0,37.7975,-122.40336,"37.7975,-122.40336"
fP4aHmJ-Gk6Q_nvZ0flFfX91muN8OW49NYGT_fZDiIW3g7vVGCmN1A==,1222.14,359.043,6.0,37.79409,-122.40506,"37.79409,-122.40506"
IqCb0qRSUIWsk95KazbtXkOJFILn0-nxETacU96-EolACbekv0Bt1g==,4207.174,1077.114,18.0,37.773141,-122.438884,"37.773141,-122.438884"
ReoC9L9_VhyYsTa2zlWdQErK_4jl1R63bQwrLSkl2gTIUwkjcamQFw==,4390.634,923.63,15.0,37.7607059286985,-122.38838263971,"37.7607059286985,-122.38838263971"
8Iy1bEC2MPaqAS6ahDQwHKrSREXXuDqS6T4oi005oJEfUY_5oi5eZQ==,5328.976,1313.255,22.0,37.762933,-122.434141,"37.762933,-122.434141"
OmVisEoyRueeIfgeoUYAPvYH3lJr8tgim3uQCHY8r0AcT5XePWtmMQ==,1961.38,525.62,9.0,37.79318163953876,-122.42106940238784,"37.79318163953876,-122.42106940238784"
x-2TeDnL7Nrh6viIn-9YuIhhwqEoUiJvOsIGwyr-YMwNOST3a_j_Cw==,8399.733,1571.896,26.0,37.7636665206062,-122.47785370807917,"37.7636665206062,-122.47785370807917"
sKKmPw4avvBDlzCWbtyKDQGQ0_q1Yx9xuJ3agxDHwQiRiaZB6Qv2pA==,2485.912,612.981,10.0,37.77787,-122.42421,"37.77787,-122.42421"
hAxcofw1oql895-XZ1Y1ksgQr_-6BfM17rTsXvWFICgqLy_YxmifVA==,4134.949,1044.705,17.0,37.77343530099,-122.438993048014,"37.77343530099,-122.438993048014"
sB0TfJJToTSo-s4nMSdHd6bM4kAV-sBE6m1VLq2bV5g13a58LZJQ5g==,2650.902,711.686,12.0,37.78742,-122.43327,"37.78742,-122.43327"
OGiQJUDwYtz5oc704uAHuwhw4-vLto_S5xuNYZhuwQv0G2mv16Bamg==,5284.48,1235.315,21.0,37.752362,-122.419099,"37.752362,-122.419099"
lmWZp0kLKKipoWskHMudmfFkgALLvT6FJxNyTiYNejpAZV-yli0pOA==,2328.059,570.069,10.0,37.783566,-122.432434,"37.783566,-122.432434"
4y6P14Iwr0ErBT-uMuPzulxCG_272zzc5dsuLAgy5nKp6d9xRdPsDQ==,1210.98,337.289,6.0,37.78927924982757,-122.4099596,"37.78927924982757,-122.4099596"
pIEOy6aueiDRmx2XZuc-dYQ7xhelKLg3aU4qrqfVHhZAVOydjDeQwQ==,7678.886,1478.156,25.0,37.750215,-122.427556,"37.750215,-122.427556"
gwWYy1NYdIOqQcJLvNxsnWrPh4Xxs_0CHT-RVSd_Ev8Wm01XxJ_AlA==,1505.102,507.733,8.0,37.782909,-122.40786,"37.782909,-122.40786"
EnlKyiMJsTejHB0dWG5vBl0O9FYaPvJuXGeDj1uyeWFfdwmn8y_byQ==,6371.203,1196.617,20.0,37.7806549278456,-122.478949574806,"37.7806549278456,-122.478949574806"
wZHl24pZ3ktEh1LatAGhfgHe3uSmHu3ouOk5scP2bdVCqF41CafF2w==,4061.978,903.543,15.0,37.788081,-122.446806,"37.788081,-122.446806"
FJb3YUZDz-Q2wtarnsvOJOYhrIODmqpyqqfUTlui-rrGO5hJoRcFTg==,6182.44,1165.993,19.0,37.780714,-122.476806,"37.780714,-122.476806"
yIzROpiDsxE24FrOT9b-osBLv3wVpCHOmiB9U-M3tZpe4abUCM8W3g==,2681.155,744.549,12.0,37.787223387923554,-122.4341518,"37.787223387923554,-122.4341518"
rIFaHQdkMP6s6nYNIJzuw7jjloIBRFjEWML_sY1QLZTPYH6FVihoLg==,2163.168,629.573,10.0,37.7909966558218,-122.397482693195,"37.7909966558218,-122.397482693195"
DYupx-V-rL2eTwy9xLqFvOP3hsgiut2dpHA2tNcjJftcYYi7tpFFOw==,3137.292,729.59,12.0,37.78465,-122.43997,"37.78465,-122.43997"
W1I1Nw1DpZmYSe4TUiI9Co-cmAQhZVWLrXI2GdGafl9N46WZS5DDEg==,1785.52,642.454,11.0,37.80135,-122.41129,"37.80135,-122.41129"
ZyV85jUvijs0eP_xS-MpcXh6g1pY_oMByevuzV1vGF2BaJS0zqLLXQ==,1493.067,439.735,7.0,37.79619567013229,-122.40454157055215,"37.79619567013229,-122.40454157055215"
Jg_1fmvmVrNhOv8_xEoGjwSKJ3F4uvDw2L8WMP-WF_F58nle-uLG6Q==,5922.695,1342.052,22.0,37.7652402,-122.4500965,"37.7652402,-122.4500965"
3jW6-RbpTiLfQtNxUqgMnYVpE2oGMoU0ciHltyZfv_ncYKRD2Lp8SQ==,7325.875,1430.843,24.0,37.76389,-122.46725,"37.76389,-122.46725"
dHgdizlyXaIlYP1i4U3-3vhJ_zHZqGNKLbrQdQ63rTZE3qhPZqjVhQ==,5516.755,955.406,16.0,37.750911,-122.388126,"37.750911,-122.388126"
AFj8q6mPNoQv1MoBmiH33rw9JgJthZ10iaMCDkctudOOjO59EZlWPg==,2902.689,900.951,15.0,37.8059931,-122.40514635275838,"37.8059931,-122.40514635275838"
5FmghbPqCDuGYLXLSGigWL8pcQlhoo30WMh6UsSszNKZrB8mW64ZVg==,4123.948,874.797,15.0,37.7623025861537,-122.397311757684,"37.7623025861537,-122.397311757684"
LeuvXIYi9jn4RvMsX3tW0NMm8yLCqtRgekeuvPMbphOkQrBvtPK9gw==,2979.867,805.479,13.0,37.774414,-122.420937,"37.774414,-122.420937"
1zMZr7g51PMbmu3rGgK7PnErz48V5e474VzmmP8GwcJdu09ml9aKGw==,4252.639,1073.243,18.0,37.763552,-122.432762,"37.763552,-122.432762"
ExzPK8HDZTJEAD6FXTDsKtreq_y1a3Rk46l-zvhqmx0QRW5jVlh-tQ==,1854.671,713.831,12.0,37.7998,-122.40832,"37.7998,-122.40832"
xZ5Aek9G60QbfHo3uJiJOMqtGaWVSoYRf7I0LuLlcNU9ZIdYvM_CYw==,5648.146,1049.973,17.0,37.78066412799114,-122.46872181182351,"37.78066412799114,-122.46872181182351"
27UBP-QfFMEnLtiP-4Qshrao4ODx_Ez-Sp3J6TaDCK2tJOEf_wkw5g==,2312.723,611.667,10.0,37.796378,-122.422173,"37.796378,-122.422173"
ezGgeS1jXD0gUll7qEnUloMDV7kmjK45UYi7jDaCWU39iSYqsl4PFw==,1672.999,623.083,10.0,37.80021,-122.40945,"37.80021,-122.40945"
MswbC9eqD1VgP9LmHzkrV3SkFyvaGkQn_w_D4zZ2sjX_CDbGJnP-Kg==,2304.774,609.065,10.0,37.796319071428506,-122.4220672,"37.796319071428506,-122.4220672"
UU9TQH1OzwUzfeZH5Rw79O47nYWDtuMkv3s-yH83pS7ES7pkCw8fEQ==,1132.952,368.818,6.0,37.781102416684746,-122.40836138075936,"37.781102416684746,-122.40836138075936"
ClmkRiwv6xZray9kQkvJmj4FaF-fVVaMnN3nD7DWdkE5Q1CSVeQYoQ==,2595.588,665.708,11.0,37.80294,-122.402202,"37.80294,-122.402202"
Hcll7Ndkk9UX24LVW1gXjFitfu98uIQ6rzXyfzA4h0YCv_ndqfwJjg==,5383.965,1215.803,20.0,37.769497,-122.450111,"37.769497,-122.450111"
lahftizFBzGuMEQxqiRkBgN5irgQex_RkRJCAA5f5LHGe9rt6QdkZw==,16482.629,1634.634,27.0,37.731264,-122.472851,"37.731264,-122.472851"
0YYdUf8AhEXAyQpBK-yr5nI-9PnIrp-mDz3iHBuEDYKFDTas7gkfbQ==,573.195,229.07,4.0,37.78524,-122.40933,"37.78524,-122.40933"
0LFxzuU9wHOt8IxDhCBFHOCKF-Z0jEuUdlUhvdDjD-IGTbH-n5a_qA==,2870.835,711.81,12.0,37.7893743915288,-122.434076070785,"37.7893743915288,-122.434076070785"
GXiKdx61W1x0dck8pc19a0Qm8MTaE9281rjlM4S2tcZHzPPXWVv0fw==,4626.484,1155.896,19.0,37.806758,-122.431458,"37.806758,-122.431458"
CCh5ah_ZOFyMzxgn3aOzx6IZCEW8l6EWqqlsfoCZ4XlwxEqseFjaRQ==,1558.195,437.062,7.0,37.78085,-122.41651,"37.78085,-122.41651"
ET6CB3iOGBl5UwEGUSpkt3ZWYwVJnn5_5GStsrfF8-RsXQ51-8JUVw==,4072.312,1124.385,19.0,37.76317732013103,-122.41094887566511,"37.76317732013103,-122.41094887566511"
s7DrA1BFUFia5CExeXdrRP79-CSRBvafRsVe98QnqbP-qkY3IwykSw==,3358.104,812.539,14.0,37.788291,-122.440186,"37.788291,-122.440186"
a9OECINwvknwEj-7gZM3uKomNrxzUDzJMwKhVzWy-OBmFbnTIs4mXg==,1236.96,446.168,7.0,37.782098,-122.403773,"37.782098,-122.403773"
LRsQDjBXR8dLRzbYg3embvmaNclx2t_u06j24sQzbFWX-QT3pIt7-A==,3322.932,816.864,14.0,37.76961,-122.42205,"37.76961,-122.42205"
jgpg3WgSZD6pOE2Fv2F1cGZ_vHtPLZhP6iRJcEKAL9iZ0ZoXk5lq-g==,4284.929,1110.825,19.0,37.76261,-122.43094,"37.76261,-122.43094"
hEj35HRClPGIyQTqzlo93-x0-3DylzVR3MiV8vMRwCggiDTh5nRHgA==,10961.271,1969.701,33.0,37.76237,-122.50685,"37.76237,-122.50685"
rRcx01fGjmZA_oD8HZ14bKqpXIeQ6DZXeAmGAGBdfM06HpPru8CBKw==,3613.523,1056.507,18.0,37.76819998383212,-122.38644657401773,"37.76819998383212,-122.38644657401773"
EoKpiKxMnCDgA3znvoJa4ajJ64OzIeVPKYLqsd2391rAZk5jU8nalw==,6109.481,1272.828,21.0,37.7662642,-122.4527631,"37.7662642,-122.4527631"
qXiu0D4xyYFMA2jm17z6b5FMVVzh_VljHX4wluuseQe-00KBpS1AnA==,5156.64,1191.233,20.0,37.7524,-122.41779,"37.7524,-122.41779"
Ybr_v8o3Sy3u9WkrAU3GZe1VFcM2_Ao8upzzjh7kEnjXPlN2UWpfMg==,4473.749,1073.942,18.0,37.75873,-122.41502,"37.75873,-122.41502"
Oax8Lv4n5EvjY9qDBu6bk8EDixgJS027a_SBScBKV_Erasl3PhUTRw==,4608.528,1013.154,17.0,37.80007651069674,-122.44131790345232,"37.80007651069674,-122.44131790345232"
qMYOyRTQIG_qED-wpUNRNedG_QAB5q7wqv2Hfql2Y2dWVzDNe7HfVg==,4634.306,1205.269,20.0,37.76236,-122.43471,"37.76236,-122.43471"
W-NpKzgcES6fPP_BO4j7YfwPR5-q9dwfCNUjkRLNfzxAzDjEd_EZPQ==,16590.24,1663.991,28.0,37.73218,-122.47376,"37.73218,-122.47376"
Bo982HtoycpJhGxk1PFtFi0GPHNjDZ11J2TpANtUUxN1yWnmASF3kA==,5903.029,1227.64,20.0,37.769217,-122.4521212,"37.769217,-122.4521212"
XMhtTnmYk1v8jy0KFCMUAcY7LZZwdtoItZeOD1-fDo0YqY5l1h0sAw==,3013.869,968.822,16.0,37.80894309727483,-122.41843625625316,"37.80894309727483,-122.41843625625316"
3900mXvWLEdHM_rwiYPITbDmpBjcCucptJQkHh90bDZjLA-wU3OyWw==,5442.795,1018.843,17.0,37.78069,-122.46462,"37.78069,-122.46462"
s4h55Ap7NeIsvDU-xZs3KOslMjEENFTJ8F6rMVJ5nTqKqFNeJDfUeg==,2818.155,761.984,13.0,37.7762603759766,-122.426391601562,"37.7762603759766,-122.426391601562"
uIBBNCysR5kH4P8BMja5638BjGkbvgs_zfCG7uWPRxygpJxxo_hi-Q==,1725.595,480.886,8.0,37.77852,-122.41561,"37.77852,-122.41561"
CO1tdZQWC8C9yNHkFT_j3Ik2I1-vUSxahYUbo_VvpHSVdsRROGYf-A==,7092.278,1341.108,22.0,37.744422,-122.420981,"37.744422,-122.420981"
TfajHvqNEMTzQezMmv3xixMwKKimLz0RjKWs-0v5-YNmCEM1yTMpbA==,2685.429,710.775,12.0,37.77643,-122.425,"37.77643,-122.425"
pJTEbLrBW_LARBs1ZYY1PXl5gnSK8eLAbNm3y9x6T14PpbukRfr1jA==,822.951,281.072,5.0,37.79041710774593,-122.4034643,"37.79041710774593,-122.4034643"
IVQOgxMIGSCDB9b_TpJ_EBolghEEPsBSpvgO-47-WfglGMmRL3Y7cA==,3691.077,1021.767,17.0,37.77216,-122.43086,"37.77216,-122.43086"
GxmVI9k6VqwX7RRqgHWrPu3WqFzw1QJ_FE4y-3a4t4Ih0UMhFQcrHg==,4665.355,1028.891,17.0,37.8001342713833,-122.441983893514,"37.8001342713833,-122.441983893514"
gNcEomKHj3hqjqlSgeWc2gG2LcuamMorC_WA2V3AjLbavOstygfHag==,2577.684,674.322,11.0,37.776963880538,-122.423868469312,"37.776963880538,-122.423868469312"
HWkJbHU-7MMpQo5NHeHT_i9H98jyYlomIOlNRUkd4NshspvA4VAaGA==,2221.84,551.159,9.0,37.786225740983646,-122.4301213192068,"37.786225740983646,-122.4301213192068"
a4ewYX7dwmozbgGMd1NtQ3EmPX_w__rdabXAODNH9SkznFLo-6FxxQ==,982.656,308.669,5.0,37.79147715040332,-122.40439555744996,"37.79147715040332,-122.40439555744996"
fcXLrlS8xz0xVKCpQym_WIuI7JYQTXFpJPdU-R9Mz_KtK0Qgb95GVQ==,1490.58,460.86,8.0,37.781794,-122.401819,"37.781794,-122.401819"
H41iXR0KhF3y7Q1_vT-smlbYc4iZh37sWkX1ReuILozmh3Y1K8uHbw==,6983.78,1333.624,22.0,37.748728692831655,-122.42157237486626,"37.748728692831655,-122.42157237486626"
yS2DmQ1F-xveWJrS8l3eEfrIGxDgi3P6xFxaGwdjBhMut1uLrNZkYQ==,2241.456,743.708,12.0,37.77851,-122.39432,"37.77851,-122.39432"
Wy-c9JOaV6blhmaIlselNpolcbZYuALCQgQn81s7_XarVH_xEaDzlQ==,2394.539,625.549,10.0,37.78538352838357,-122.4327894,"37.78538352838357,-122.4327894"
cAzIBP_7pAF8iXxjzs_aW9ScwOx0dtbGkOljK-_QtCpw7Whukw2Z-A==,3467.862,820.838,14.0,37.79768,-122.43245,"37.79768,-122.43245"
TjM24btuzSLd_DLrJfL-Ldmx8yC1Hi37UnKZ6JR0NUBUgbAlcbbyZw==,1725.064,538.574,9.0,37.79573,-122.40284,"37.79573,-122.40284"
bSOXJpNQNyTfCL5DI29KRhy4EG06fyy05FOw8uIj55PRK9ifJhCSPQ==,5467.944,1045.978,17.0,37.77701093697556,-122.46350895613432,"37.77701093697556,-122.46350895613432"
jdCAEVSYby_D-KG9_DZpJB70ydx4JMlN4w86D7zUgqfjdsVO-rZrXg==,1248.993,419.859,7.0,37.78752,-122.39872,"37.78752,-122.39872"
wOFJPo6gWU2OU2a4Ze3RsyyzDXU0da_DAXSyx2SMrLYi7xEX-XMM3A==,1759.456,487.151,8.0,37.7983666,-122.40710947283466,"37.7983666,-122.40710947283466"
H-D0A6JXltEZ3WM1Kv3JnQxxnePBk3ON7aOzx5uFrZdh0VADOoqrLw==,6171.16,1178.822,20.0,37.78275,-122.47439,"37.78275,-122.47439"
xRXeo1cPbr4QHjzDXgrnCXm1NkdO8ywj2E1DbdfJBt2qlN_X4VkABw==,3149.159,840.571,14.0,37.77485,-122.42284,"37.77485,-122.42284"
b78vBUjL-xOlJQP4xkrdKBMY6DBFMVV8UVhU0vNG16rWYJN3pCm8IQ==,5775.928,1443.006,24.0,37.75163,-122.43261,"37.75163,-122.43261"
KbeYQ9D5-vvS3S53yk3iCJlSET4EhBhLhuELbUOLA06jjgA-Yk_aiw==,5805.528,997.627,17.0,37.7587436582161,-122.38823565181,"37.7587436582161,-122.38823565181"
PXZ5nFKmi2u2hO3cplViZ06vV1H63T_WWCgFGUNoAfrzVpP-qxyQ3A==,4129.079,1048.749,17.0,37.76468999214913,-122.43293320000969,"37.76468999214913,-122.43293320000969"
RVlT6XPSv4tCa1Hb9b1m1n0Kmors93f43Ljwx_Srmy-VzdgyUch2OQ==,2684.728,720.134,12.0,37.775994,-122.420395,"37.775994,-122.420395"
XxPD4V2s6DBUDkQSOODzcLbYJTm7BzM2B45HXzqqgUJ4LUZ5aL-d3g==,4940.601,1039.396,17.0,37.77351,-122.45071,"37.77351,-122.45071"
zAeI-FmtTzQ7jZXZ8IU3JnFJszSU1NI7OI5_7KZ0xX5rwZX7deFURA==,4009.853,1069.206,18.0,37.762967,-122.40856,"37.762967,-122.40856"
EKWkOXcUwsHxJcTvGD_0-dA3uT4BOw9IEBnJAK9OkJ2LWH46JhrSpg==,3323.391,987.066,16.0,37.76854388956767,-122.3885514138246,"37.76854388956767,-122.3885514138246"
iIuhucy91gx6eX4mykWCL6uHVweVCoM9v6Yz-r9F49sskw6tm3eTiw==,4040.036,843.726,14.0,37.76243,-122.39682,"37.76243,-122.39682"
bWP-GezT0q1yypvG_BpftsYIWwm6LPNPQMUUHQlaXrlIXPJWxuvrZw==,2623.14,777.235,13.0,37.80556873618561,-122.4134825,"37.80556873618561,-122.4134825"
sMMlpChnK4tG0KU3xhaKmsEwNn6O4Jlu2K6ALf8WYM4DY5LVGQttSA==,1966.45,607.666,10.0,37.77571,-122.40974,"37.77571,-122.40974"
Ph5OzPxrF-wKfzIP3gfUKCHHiMPifgUzHJXim0KFVMdC6RfcbS5pbQ==,7913.512,1481.997,25.0,37.74247463321503,-122.42631744593382,"37.74247463321503,-122.42631744593382"
ncPQrcPaY8t-KRFqkI-TO8F1jPaAFtXQif4Ht56B1nsGFPgHo-pIEQ==,5898.806,1036.399,17.0,37.7531052,-122.4068629,"37.7531052,-122.4068629"
rCWYoGh5-YVgAvIU5EuWgdEdnHXj--KwabMxnpxC3VEABbsT3XQkdg==,4753.5,1254.633,21.0,37.75977017244578,-122.43513274110454,"37.75977017244578,-122.43513274110454"
wW_v4XTi_5xOnrLCFlsbP6fWgaqt20mIsiFFE8XiJSbKI_zOvuogNA==,4717.945,1152.093,19.0,37.756697272864145,-122.4190795,"37.756697272864145,-122.4190795"
TRkzeQiIVdsnh5Hl1q2fnMU45tq-IuPy4j-OKdchcRUCsvK_RmkpIw==,3669.884,1014.137,17.0,37.77219859919826,-122.43062306195498,"37.77219859919826,-122.43062306195498"
dR9wT6Y6-i2YPwgm0mawCfxg7IdPviAams30r7E_bRgLfhn9ualIbg==,2685.759,785.483,13.0,37.80673720176911,-122.41693737401872,"37.80673720176911,-122.41693737401872"
VvhA6Mfrq6jiATozq4LyPREFNudixUk494ouuIrUQZpJgdGDlV-ePg==,4736.499,1224.625,20.0,37.761243,-122.434248,"37.761243,-122.434248"
JjRIRbFwI6KUtVwCp9XfhF8IWdZRb3pX3T3eMla9OFmACyKsg3Y8Yw==,3587.413,833.737,14.0,37.7781489203981,-122.438551256878,"37.7781489203981,-122.438551256878"
NkDCy3Hwu6sYX6gJBhcXLYsl95OXnoJ_eTcKZ1X-dTwbSr3hrI-O4Q==,1732.046,476.929,8.0,37.79825,-122.407014,"37.79825,-122.407014"
_osG3GhcwyGXojDKauNXKVEK_voZO7snaLCLibcUVAXldHsHpS9JxA==,1357.136,381.374,6.0,37.7864515,-122.4208732178477,"37.7864515,-122.4208732178477"
9O1Wo3IxidrRDseHHleJ95ct8tYo5g9GpFRqke6h9puF0Ur7a3hKww==,7339.42,1447.115,24.0,37.76415,-122.46711,"37.76415,-122.46711"
wiCe9Seg0YUD50DxBPx9uXihxuYkikKfy7Epo0C-41OC2S9P0gGoxw==,4928.096,1144.373,19.0,37.75531764326802,-122.4195362,"37.75531764326802,-122.4195362"
ft0BQcWrfXKhFpCYMyrqyQ0_erG1_Dwc4UuuaDs11DgP3pS8KS_o4A==,2542.495,662.806,11.0,37.776635,-122.423396,"37.776635,-122.423396"
1IFPLfj3VZlL-6I8AgpsmMgq5xR-eyIN4A4-EbrTOSvEvE7wqk31tA==,1245.578,331.37,6.0,37.787152,-122.416361,"37.787152,-122.416361"
FjxHzuQ4-iOcQWDP3bLMb5v_MbCLmaNopO0_yz3Pt7oXnMxBTcgSjQ==,2377.396,623.297,10.0,37.78374,-122.433005,"37.78374,-122.433005"
czifkIZLhBFQ8lZE6FxmA3to-_fvCdqmuG6Tp2sbGOcKldxiBKXuzA==,5379.118,1321.851,22.0,37.76337770000001,-122.43389504387795,"37.76337770000001,-122.43389504387795"
oQpoVILjjAu3oggW2wI5plkdqggL3-mr9Y9HNPHWawnIcA9tof79Gw==,4501.976,989.273,16.0,37.80048,-122.44014,"37.80048,-122.44014"
5G2fK102y2IWeX_BNZabYkPuQdGMa_BPKHHkJ_EvhfDaeRxtJPImhw==,6900.522,1375.357,23.0,37.764337,-122.462736,"37.764337,-122.462736"
76cwvPMy0A0V30RxbdkJQ-p2teG89XHfBWOATxOAdXHiwXfeqTNpkg==,1375.656,404.912,7.0,37.791198,-122.417596,"37.791198,-122.417596"
Rkcj8QmN8nhh_VBTuNeaMXycBegLthgf7YSnn-gBITubEbaqkvsnag==,3685.906,1019.905,17.0,37.771917,-122.430753,"37.771917,-122.430753"
Yw3psPIT_TcKFoIc48rLh8i6H0tfDuHevwW3nm2uM4GJ5gzABy7Tlg==,5632.198,1061.359,18.0,37.7827421185773,-122.468323160254,"37.7827421185773,-122.468323160254"
MrFFk2qwAynCsnCcl2_mOrtPcbCgnHmT0-HL5rVRjlmRi8iYxK1qWg==,1455.962,493.209,8.0,37.7823865830739,-122.40209709852932,"37.7823865830739,-122.40209709852932"
eMnjnzP95Vax0XnvylU0xN_gk8JixJqNNi5F2-tex4prvKbRkxv8Xw==,7087.703,1392.791,23.0,37.76424626688824,-122.4649451847314,"37.76424626688824,-122.4649451847314"
NX173bJZdcFvN2XlYt3l0d3ObGg28KPUV7k75QRt0hP0l-7yn7aecw==,1897.764,490.852,8.0,37.785429928840266,-122.428277,"37.785429928840266,-122.428277"
yDW8NubA5YEctlkDpOlUBm1jimaFUuGBEyQpftXy30-wndy00VFoxA==,2821.963,861.509,14.0,37.807614,-122.417203,"37.807614,-122.417203"
eSWcSSjIobEbwh-gjFfVyJJwsxbuzTsPdpvhfqtLLPQUBkbki6u7Og==,1034.143,340.992,6.0,37.78173066997182,-122.40756779055454,"37.78173066997182,-122.40756779055454"
TbNSWC_5AmJcGX3041C-fyvif70GoXM2LqFoi5wBiYdD0iqYxvfSSQ==,2382.583,592.976,10.0,37.777726,-122.422991,"37.777726,-122.422991"
EJKFB81ChHVEo7ebQfv7kwRrB_FkgDqE1Y7jtbt2I9ybkFb2ZUM6bA==,4386.039,922.969,15.0,37.760662161462,-122.388421141818,"37.760662161462,-122.388421141818"
Zd9E2KhtixRlFu-z4O9vnrkOeGkjNTZlM6bmQZ6C613FlO_T3H08uQ==,3406.412,833.623,14.0,37.78789,-122.440595,"37.78789,-122.440595"
5iFNWD1YvDfMgui8t3r3t7qxePdcIJCyOowvboWzAFlIr3tpvI8h6Q==,5393.203,1027.018,17.0,37.77715801324,-122.46266875416,"37.77715801324,-122.46266875416"
5W33GVrR9SxbcZ7GBbbDXd07OxXrOpRzShdbNRrlmJHaH5oHUyWszg==,3911.323,926.774,15.0,37.765098,-122.422628,"37.765098,-122.422628"
YXG_HABR_qv2N6rjczAsocdkBh59pwkcOhY0Iy69Nofo5KZ4Il5bNw==,5284.655,1021.076,17.0,37.78267,-122.46493,"37.78267,-122.46493"
RiIdm_o76V39FZ0JjNUMIek9SVTdV-hUIj2Mdyj3Zvb-X5ZdTAf0CQ==,5505.372,1400.05,23.0,37.751825,-122.427164,"37.751825,-122.427164"
